LOCATION,ZIP_CODE_IMPUTED
"40.638382, -74.03668",11209
"40.609535, -73.75372",11691
"40.850018, -73.9107",10453
"40.62573, -73.9564",11210
"40.70476, -73.96491",11249
"40.569626, -74.190735",10312
"40.873737, -73.90593",10463
"40.66718, -73.95076",11225
"40.588116, -73.97261",11223
